{"1": "m.0dyb1", "2": "m.09w353", "3": "m.0676dr", "4": "m.03vny7", "5": "m.094g2z", "6": "m.0bxsk", "7": "m.04wdfw", "8": "m.031hvc", "9": "m.0bcy50", "10": "m.01npcx", "11": "m.01m3wp", "12": "m.02_lmb", "13": "m.0559wc", "14": "m.016z9n", "15": "m.02_gjg", "16": "m.033hmj", "17": "m.011yg9", "18": "m.02pg45", "19": "m.02mvb2", "20": "m.0bhh9g", "21": "m.0277j40", "22": "m.08vz4p", "23": "m.0946bb", "24": "m.07_l0f", "25": "m.0f4vx", "26": "m.0fdlc6", "27": "m.06h9xs", "28": "m.09rnxj", "29": "m.02dpl9", "30": "m.03mlz9", "31": "m.054k8z", "32": "m.07j6w", "33": "m.06mk7b", "34": "m.011ydl", "35": "m.08r605", "36": "m.0gjk1d", "37": "m.0513g2w", "38": "m.0c2x61", "39": "m.0qjzd", "40": "m.02qf7sl", "41": "m.01hjxv", "42": "m.0337y9", "43": "m.016z30", "44": "m.03wj_q", "45": "m.01pvl7", "46": "m.05rw58", "47": "m.01dc0c", "48": "m.023p7l", "49": "m.0cw0m6", "50": "m.016fyc", "51": "m.04j34g3", "52": "m.04t9c0", "53": "m.04_gsw", "54": "m.0cnw7k", "55": "m.04y0t6", "56": "m.0crw_l5", "57": "m.08pv2d", "58": "m.011yfd", "59": "m.07f9c2", "60": "m.0d2c_d", "61": "m.06tw0x", "62": "m.016z98", "63": "m.06q_hx", "64": "m.03h193t", "65": "m.06v9zs", "66": "m.0kvc36", "67": "m.02rzn2b", "68": "m.02phv5s", "69": "m.016rw2", "70": "m.029k4p", "71": "m.05mk_y", "72": "m.05spx3", "73": "m.04n2_y", "74": "m.08zcb0", "75": "m.0gcwj9", "76": "m.03z0yb", "77": "m.0crxg29", "78": "m.070178", "79": "m.06pxbc", "80": "m.0czthm", "81": "m.09kzfd", "82": "m.02qwvbs", "83": "m.04j0357", "84": "m.0521f9f", "85": "m.070jd7", "86": "m.07chp9", "87": "m.07lz26", "88": "m.040mt6", "89": "m.063dp0", "90": "m.0gh6kg6", "92": "m.06m815", "93": "m.08nltc", "94": "m.0bln8", "95": "m.02lgqm", "96": "m.03d7rz", "97": "m.02hhfl", "98": "m.0cts7b", "99": "m.05dpjl", "100": "m.03_w9b", "101": "m.02ld66", "102": "m.02q25p8", "103": "m.097fqj", "104": "m.023vcd", "105": "m.0dr89x", "106": "m.0gkr0pf", "107": "m.05351g", "108": "m.0gmlf25", "109": "m.0432qz_", "110": "m.01gc7", "111": "m.07cw4", "112": "m.0163_s", "113": "m.0dmnww", "114": "m.05sm_1", "115": "m.07_dss", "116": "m.052c0b", "117": "m.05jzbl", "118": "m.0dy575", "119": "m.07k4wk2", "120": "m.0d1s9b", "121": "m.0gkqtv", "122": "m.0695g8", "123": "m.01f8gz", "124": "m.064zgw", "125": "m.0mdlf", "126": "m.08jc0x", "127": "m.05h4w1r", "128": "m.0crt7p_", "129": "m.03y8jc1", "130": "m.0cwxg9", "131": "m.0g9yw4y", "132": "m.0bdhfg", "133": "m.0cryjb9", "134": "m.0bnthvd", "135": "m.02zzbh", "136": "m.02r6t63", "137": "m.0gwn2z", "138": "m.02z1srt", "139": "m.02vvs11", "140": "m.06d_d3", "141": "m.01jrbv", "143": "m.0265qmj", "144": "m.0676l_", "145": "m.031t49", "146": "m.03cb0qb", "147": "m.08xnxg", "148": "m.043m98y", "149": "m.0858d3", "150": "m.011yd2", "151": "m.033_m2", "152": "m.0982zs", "153": "m.01hr1", "154": "m.03gcyx", "155": "m.0db1b1", "156": "m.034d5_", "157": "m.0328vs", "158": "m.033pf1", "159": "m.0c0d9s", "160": "m.03tn80", "161": "m.04sg0b", "162": "m.03jfly", "163": "m.02zkjw", "164": "m.0bw6fj", "165": "m.01_1hw", "166": "m.03w0kv", "167": "m.0fp4r1", "168": "m.04dxrl", "169": "m.0341k8", "170": "m.01n4z6", "171": "m.061dj0", "172": "m.0ktdb", "173": "m.07b1gq", "174": "m.071fr7", "175": "m.02ww1t", "176": "m.067g4b", "177": "m.04xdbd", "178": "m.04j5f5", "179": "m.0ckff6", "180": "m.01jc1h", "181": "m.0344xk", "182": "m.03nr5vw", "183": "m.03nvnqk", "184": "m.08489x", "185": "m.01sk1v", "186": "m.033t6r", "187": "m.0prcz", "188": "m.070pcg", "189": "m.03yj1dh", "190": "m.06fph5", "191": "m.08lr6s", "192": "m.09g95_c", "193": "m.0n83s", "194": "m.05wt50", "195": "m.0fz8lt", "196": "m.032_76", "197": "m.02qmjbc", "198": "m.04tzz5", "199": "m.012h32", "200": "m.06_wvvd", "201": "m.03m4mm7", "202": "m.03d7p0", "203": "m.03khj_", "204": "m.0hqs9", "205": "m.03x_yfl", "206": "m.027rghz", "207": "m.06nq0j", "208": "m.02z9rr", "209": "m.06qt3b", "210": "m.04cr1c3", "211": "m.02pq1yv", "212": "m.05h67c", "213": "m.08tk2f", "214": "m.09fnd1", "215": "m.03dbg_", "216": "m.036z1n", "217": "m.03whyrr", "218": "m.03ddd5", "219": "m.05tjh8", "220": "m.0fyt9h", "222": "m.047q4xt", "223": "m.01chyt", "224": "m.034nnw", "225": "m.07tdzq", "226": "m.0gbls41", "227": "m.06kt1h", "228": "m.0b6j4zh", "229": "m.0b3w_9n", "230": "m.02qqrpy", "231": "m.0372j5", "232": "m.03lb7_", "233": "m.029903", "234": "m.0fpdlt", "235": "m.02lxrv", "236": "m.0dbwm", "237": "m.026yq3c", "238": "m.0kv72r", "239": "m.014d_k", "240": "m.02q4sd5", "241": "m.033_kx", "242": "m.028r88", "243": "m.07q2jv", "244": "m.0dh_gg", "245": "m.0f1fx8", "246": "m.01z9n6", "247": "m.015t5q", "248": "m.04wdyj", "249": "m.027q85", "250": "m.040ntm", "251": "m.027stvn", "252": "m.074fx1", "253": "m.02p76f9", "254": "m.06wmyc", "255": "m.015kly", "256": "m.04jnxl", "257": "m.07l5v6", "258": "m.01q41m", "259": "m.02x09x", "260": "m.0dtfn", "261": "m.03bxp5", "262": "m.096v5f", "263": "m.0h6zyt", "264": "m.04n6vgs", "265": "m.03hjw08", "266": "m.02__34", "267": "m.059vwy", "268": "m.03n_zn", "269": "m.0277py5", "270": "m.0g_zyp", "271": "m.03qfr0", "272": "m.016z7s", "273": "m.04ltlj", "274": "m.09zxs9", "275": "m.0d0stl", "276": "m.0bdhhw", "277": "m.051xs93", "278": "m.026pzbg", "279": "m.04xndx", "280": "m.0586x1", "281": "m.016z84", "282": "m.01dh6f", "283": "m.03d05ct", "284": "m.04j295l", "285": "m.0gkrtx9", "286": "m.09gnqh6", "287": "m.04j2cq9", "288": "m.059rc", "289": "m.0280m2w", "290": "m.02qxd_l", "291": "m.0844xc", "292": "m.036r3f", "293": "m.04q5g", "294": "m.0dj_dz", "295": "m.04j2b_y", "296": "m.0f4_l", "297": "m.0djv48", "298": "m.03rwl1", "299": "m.061ffq", "300": "m.011ycb", "301": "m.027xtwf", "302": "m.05xss5", "303": "m.037c_d", "304": "m.0bpbgy", "305": "m.0fz80g", "306": "m.014bjk", "307": "m.01470k", "308": "m.014bhr", "309": "m.07lhgj", "310": "m.0fq080c", "311": "m.03gqqb5", "312": "m.05qss9", "313": "m.0b8l01", "314": "m.03hxxd", "315": "m.074rg9", "316": "m.070g7", "317": "m.0129g2", "318": "m.07jnt", "319": "m.03ljq9", "320": "m.0284wd7", "321": "m.0260n18", "322": "m.05m55b", "324": "m.06zt03h", "325": "m.0blpwc", "326": "m.04xp9b", "327": "m.0287z_j", "328": "m.034fg8", "329": "m.06qyw", "330": "m.088_dk", "331": "m.03bxnf", "332": "m.05r1q4", "333": "m.03dxs5", "334": "m.04kzxz", "335": "m.027q4l_", "336": "m.027xtd9", "337": "m.0306c6", "338": "m.01j3gd", "339": "m.01gzmk", "340": "m.060_dp", "341": "m.0fc1zx", "342": "m.01_p7z", "343": "m.039xvx", "344": "m.01xlh5", "345": "m.02fwfb", "346": "m.071v0j", "347": "m.03glth", "348": "m.0421ng", "349": "m.05h12k", "350": "m.02v6_c", "351": "m.0c53zq", "352": "m.06l2pj", "353": "m.024gy8", "354": "m.03cy8s", "355": "m.01bn3l", "356": "m.0bdjd", "357": "m.02_kd", "358": "m.033gkt", "359": "m.0g5f2j", "360": "m.07pr1q", "361": "m.08jl3y", "362": "m.035_kw", "363": "m.09nb_5", "364": "m.0m63c", "365": "m.05n1yj", "366": "m.01yvmf", "367": "m.05567m", "368": "m.021jdm", "369": "m.03vyw8", "370": "m.062b7h", "371": "m.06xz7w", "372": "m.01z7v5", "373": "m.07lyw_", "374": "m.0557n3", "375": "m.02w_mq_", "376": "m.0bp0wf", "377": "m.0pb33", "378": "m.0ch0zt", "379": "m.055q2z", "380": "m.0hwpz", "381": "m.03681w", "382": "m.032xx4", "383": "m.08mg_b", "384": "m.0dtknf", "385": "m.02qpw46", "386": "m.081m5s", "387": "m.0838sl", "388": "m.055z91", "389": "m.03hhs81", "390": "m.03bc42", "391": "m.05dp5l", "392": "m.02pny3k", "393": "m.04nssc", "394": "m.0d9mps", "395": "m.04j319c", "396": "m.0805q3z", "397": "m.0crs4v4", "398": "m.043qq5y", "399": "m.0661cf2", "400": "m.0bxhkt5", "402": "m.09z3z0x", "403": "m.0byspp7", "404": "m.0crvdkk", "405": "m.0c2jk9", "406": "m.04j2bwt", "407": "m.01yfqz", "408": "m.0cdnx1", "409": "m.08dk10", "410": "m.03kxj2", "411": "m.09jwj8", "412": "m.0f858v", "413": "m.03qfpk", "414": "m.07vb73", "415": "m.036r20", "416": "m.0330k3", "417": "m.030bg4", "418": "m.04bqtt", "419": "m.0615_9", "420": "m.049kmb", "421": "m.0kvgrv", "422": "m.03qcnf", "423": "m.08ljr5", "424": "m.0571xc", "425": "m.03b24y", "426": "m.0f1yxp", "427": "m.0k9c7", "428": "m.02t4w7", "429": "m.0ph12", "430": "m.0bcyw8", "431": "m.0337wr", "432": "m.08qb0q", "433": "m.0ck_1y", "434": "m.037xlx", "435": "m.05yxmk", "436": "m.07nnp_", "437": "m.0djsl1", "438": "m.0blqdm", "439": "m.027jdg0", "440": "m.0339_4", "441": "m.02j69w", "442": "m.02ny6g", "443": "m.02vklgp", "444": "m.0kvgtf", "445": "m.06hcsf", "446": "m.01d1_s", "447": "m.0by509", "448": "m.02yxx", "449": "m.04007r", "450": "m.036r0k", "451": "m.06wmvw", "452": "m.0f7y0z", "453": "m.07q5mt", "454": "m.01q7h2", "455": "m.02qwyz", "456": "m.05gh96", "457": "m.05znxx", "458": "m.0c_3nd", "459": "m.07tqdy", "460": "m.04kwwr", "461": "m.0gkjmf", "462": "m.03hkpbj", "463": "m.030xw6", "464": "m.05j3s1", "465": "m.0599rp", "466": "m.04_rjv", "467": "m.09tp1v", "468": "m.043vvr", "469": "m.03zyv4", "470": "m.054vqy", "471": "m.016y0b", "472": "m.0blfnd", "473": "m.07g8wz", "474": "m.0320gs", "475": "m.0_b3d", "476": "m.08gjyx", "477": "m.016z7f", "478": "m.04mc6w", "479": "m.03dymt", "480": "m.0hx4y", "481": "m.02v5md", "482": "m.030xp1", "483": "m.04c4fd", "484": "m.02823rl", "485": "m.032016", "486": "m.0bq6zl", "487": "m.02x0fvc", "488": "m.02b7j8", "489": "m.09b4h7", "490": "m.06wmkz", "491": "m.07xmz1", "492": "m.04k9yp", "493": "m.032l5l", "494": "m.0hqrx", "495": "m.04963s", "496": "m.02w85v9", "497": "m.05gv03", "498": "m.0c3wmn", "499": "m.02qrrgg", "500": "m.01y_sf", "501": "m.05pws0", "502": "m.030bds", "503": "m.0bx9qwk", "504": "m.07cj2v", "505": "m.03rtz1", "506": "m.03prz_", "507": "m.09l98n", "508": "m.02d413", "509": "m.0_b9f", "510": "m.06974q", "511": "m.09fgyt", "512": "m.0fs0m9", "513": "m.08ktmx", "514": "m.04n04q", "515": "m.05cvgl", "516": "m.01sr58", "517": "m.0603hj", "518": "m.03mczbc", "519": "m.067p6m", "520": "m.02pp19", "521": "m.07jr_9", "522": "m.04xvqk", "523": "m.088rwz", "524": "m.01q48n", "525": "m.0bvdhxr", "526": "m.02740q8", "527": "m.0hfzr", "528": "m.07j9t1", "529": "m.02rhjj", "530": "m.02pmcp1", "531": "m.049cgk", "532": "m.01r11f", "533": "m.0fjjjh", "534": "m.05j82v", "535": "m.0320fn", "536": "m.0cr7n8", "537": "m.03ymw7", "538": "m.04y5j64", "539": "m.01gzln", "540": "m.02qzmz6", "541": "m.017n9", "542": "m.09_l5f", "543": "m.01f50k", "544": "m.06p52b", "545": "m.0b6kvn", "546": "m.01dybc", "547": "m.09bcv0", "548": "m.0bl61r", "549": "m.01r7nl", "550": "m.06597h", "551": "m.0243cq", "552": "m.0698w6", "553": "m.02ljhg", "554": "m.05myy97", "555": "m.028xq_", "556": "m.02g329", "558": "m.04njrl", "559": "m.02qshlr", "560": "m.0b6xn6z", "561": "m.0gm0_kz", "562": "m.071xjc", "563": "m.03nqwhg", "564": "m.03m3y1s", "565": "m.08q1lw", "566": "m.0d7mv2", "567": "m.0c74ff", "568": "m.07zjqm", "569": "m.08lvkh", "570": "m.0bhgtxq", "571": "m.0dncz9", "572": "m.0b7b9hw", "573": "m.0kv7qj", "574": "m.02cqsl", "575": "m.04hjd4", "576": "m.04j2q23", "577": "m.0c19wn", "579": "m.07kg32c", "580": "m.06wp_k", "581": "m.06k1j_", "582": "m.04j1h9n", "583": "m.0h1_31", "584": "m.05q97mp", "585": "m.06r5q1", "586": "m.01fmys", "587": "m.0y_pg", "588": "m.0jnwx", "589": "m.07gp9", "590": "m.0y_9q", "591": "m.0gks1vb", "592": "m.01hp5", "593": "m.07cyl", "594": "m.0k4d7", "595": "m.0_7w6", "596": "m.019kyn", "597": "m.014l6_", "598": "m.0gy7zb1", "599": "m.0k5k1", "600": "m.0dy2m2", "601": "m.063ynb_", "602": "m.04zxc5w", "603": "m.02rv7cr", "604": "m.0crsf5m", "605": "m.07c13r", "606": "m.0d2ylv", "607": "m.05nynr", "608": "m.011yhm", "609": "m.0d7vdj", "610": "m.014bpd", "611": "m.09yqn5", "612": "m.06wm_z", "613": "m.07v7sl", "614": "m.04j2tjk", "615": "m.026xqyw", "616": "m.01ydq5", "617": "m.0bv9hq", "618": "m.0b7ydt", "619": "m.05r9bx", "620": "m.03wfysz", "621": "m.02r34sr", "623": "m.0bhb2sm", "624": "m.0gkdl1v", "625": "m.07ydny4", "626": "m.03fk2k", "627": "m.079b9l", "628": "m.0422v0", "629": "m.07kf61y", "630": "m.0gghb_", "631": "m.09mnhy", "632": "m.065v29", "633": "m.08yzzb", "634": "m.08mxzp", "635": "m.0273rwy", "636": "m.02ppwvx", "637": "m.0dt1p_", "638": "m.09xylh", "639": "m.04jrzl", "640": "m.0bm853", "641": "m.09kt_1", "642": "m.0glz88y", "645": "m.0kv2bh", "647": "m.01j5ql", "648": "m.035w2k", "649": "m.06dybp", "650": "m.04n3tmy", "652": "m.09xvch", "653": "m.03y_zj", "654": "m.0gk99tc", "655": "m.04j0n62", "656": "m.09m5f_", "657": "m.06w3_kl", "658": "m.0c36n7b", "659": "m.04ppds", "660": "m.04q986h", "661": "m.037s6_", "662": "m.02thnm", "663": "m.02fjzg", "664": "m.091rbh", "665": "m.019z8l", "666": "m.03d1hp2", "667": "m.0fpf67", "668": "m.031f7_", "670": "m.0545gy", "671": "m.03sc3z", "672": "m.04j3701", "673": "m.01n8hp", "674": "m.066z5r", "676": "m.0h3q167", "678": "m.03j0jy", "679": "m.0c03cl_", "680": "m.0126nh", "681": "m.052q0p", "682": "m.0crrdrd", "683": "m.0crt7c4", "684": "m.0797d9", "685": "m.0dv0yn", "687": "m.0d4q15", "688": "m.05lh37", "690": "m.04jl57t", "691": "m.0dpkd7", "692": "m.084s4k", "693": "m.07k7n5w", "694": "m.0276569", "695": "m.06sw7t", "696": "m.02wch7m", "697": "m.01pzf8", "698": "m.05nzywk", "699": "m.0crtvd_", "700": "m.03sph5", "701": "m.0cykzs", "702": "m.01p34v", "703": "m.0djqxp", "704": "m.06n6yx", "705": "m.04j2ncz", "706": "m.0h3tn9", "707": "m.081q6m", "708": "m.034d47", "709": "m.01z0n6", "710": "m.02f4wh", "711": "m.04v7kf", "712": "m.02r8x3z", "713": "m.04j1yrp", "714": "m.0symg", "715": "m.0cdwjp", "716": "m.026ks2y", "717": "m.0513gv5", "718": "m.06tqpj", "719": "m.036y_2", "720": "m.0b04wt", "721": "m.04j0y1t", "722": "m.0crvcd6", "723": "m.06zkp49", "724": "m.0lwff", "725": "m.03205n", "726": "m.087gfp", "728": "m.05s_rl4", "729": "m.04j31_r", "731": "m.09m6px", "732": "m.06kzhp", "733": "m.07bx6", "734": "m.0gw5s3", "735": "m.070hnk", "736": "m.01s7w3", "737": "m.0c61rf", "738": "m.04g1v9f", "741": "m.01kzd_v", "742": "m.09c7rx", "743": "m.06h5k7", "744": "m.0bysb20", "745": "m.0161fz", "746": "m.0jqys", "747": "m.0gxtnd", "748": "m.0bswf7", "749": "m.0by1wcr", "750": "m.02dwj", "751": "m.026sy10", "752": "m.080979f", "753": "m.05p6tc4", "754": "m.02p_pqh", "755": "m.0gzvqs", "756": "m.0crt66q", "757": "m.01gcz7", "758": "m.0bntqlk", "759": "m.026st_d", "760": "m.040s2y", "761": "m.0d99k_", "762": "m.01r97z", "763": "m.03c6f0_", "764": "m.03rpvs", "765": "m.033856", "766": "m.0286vp", "767": "m.04q31tk", "768": "m.0byshz5", "771": "m.0j44yb1", "773": "m.07ww2lg", "774": "m.03hp16n", "775": "m.0f4yl5", "776": "m.02wh6z8", "777": "m.04j20l7", "778": "m.0qf2t", "779": "m.047dvdb", "780": "m.0ds2n", "781": "m.05zr1l", "782": "m.07dvy7", "783": "m.0241y7", "784": "m.03lrht", "785": "m.060r16", "786": "m.02fhm6", "787": "m.027hbdv", "788": "m.0d87hc", "789": "m.04j2pzy", "790": "m.0465gbw", "791": "m.0crrz6p", "792": "m.02x42st", "793": "m.0b7bnkc", "794": "m.0gz7kl", "795": "m.04j1mv4", "796": "m.06sgvs", "797": "m.05syn7s", "798": "m.03phtz", "799": "m.039yp5", "800": "m.046qwc", "801": "m.02862zk", "802": "m.03936g", "803": "m.0c7j26", "804": "m.06wqgh", "805": "m.09p4w8", "806": "m.048r690", "807": "m.0dfs5_", "808": "m.098f_x", "809": "m.0fghvz", "810": "m.032pdj", "812": "m.0z5d_07", "813": "m.0c50k1", "814": "m.047lgx7", "815": "m.07kcjng", "816": "m.0dllh33", "818": "m.08v3bw", "819": "m.0gtl44n", "820": "m.0gpnp8", "822": "m.03d1hqg", "823": "m.0d89jg", "824": "m.0bhgqnp", "825": "m.0crsfy8", "827": "m.0274q34", "828": "m.034v28", "829": "m.08x_q4", "830": "m.06fhhh", "831": "m.05_n7z", "832": "m.03xx0x", "833": "m.03n7pw", "834": "m.04gsqs_", "835": "m.03nfc4", "836": "m.0558xt", "837": "m.03209l", "838": "m.07tj4c", "839": "m.03kysk", "840": "m.0d7w7t", "841": "m.07hm0d", "842": "m.034fgm", "843": "m.04j03hm", "844": "m.075rv8v", "845": "m.07wwcbq", "846": "m.0g3rpw", "847": "m.04j34v5", "848": "m.08sytx", "849": "m.033v5p", "850": "m.03gw01", "851": "m.03njdv", "852": "m.01h0_h", "853": "m.09hl_z", "854": "m.04cz70", "855": "m.0b_tz5y", "856": "m.0c1p2z3", "857": "m.0g7_9s", "858": "m.07g1sm", "860": "m.0bnmcl", "861": "m.03_95w", "862": "m.0g1vcm", "864": "m.09g6f0s", "865": "m.050xcx", "866": "m.01l25p", "867": "m.0dy27c", "868": "m.074f6p", "869": "m.05nyt2", "870": "m.072564", "872": "m.067ngh", "873": "m.05zjw88", "874": "m.0kvh2d", "875": "m.0gkr997", "876": "m.0bn33v", "877": "m.02qg790", "878": "m.07k9m5y", "879": "m.077dw1", "880": "m.0dp7wt", "881": "m.01x5_f", "882": "m.0dyzm9", "884": "m.09v2wrq", "885": "m.02vyyj6", "886": "m.047419", "887": "m.06w7slf", "888": "m.07kwyt", "889": "m.05zk8jx", "890": "m.0cg4_k7", "891": "m.06d6z_", "892": "m.02rtqvb", "893": "m.08zj46", "894": "m.02wxpbj", "895": "m.0806ssc", "896": "m.0405t4", "897": "m.0cjw2s", "898": "m.0gxfz", "899": "m.063hp4", "900": "m.05dmmc", "901": "m.02dq6z", "902": "m.0dnw1", "903": "m.0k5g9", "904": "m.0jwvf", "905": "m.0c5dd", "906": "m.070fnm", "907": "m.0glnm", "908": "m.0jqd3", "909": "m.0b_5d", "910": "m.0k4f3", "911": "m.03n102", "912": "m.0ft18", "913": "m.0cbn7c", "914": "m.0cq7kw", "915": "m.04wddl", "916": "m.0k419", "917": "m.096vm7", "918": "m.0jy_1", "919": "m.02q52q", "920": "m.083skw", "921": "m.016k80", "922": "m.0k4fz", "923": "m.01lsl", "924": "m.08ct6", "925": "m.026n0nd", "926": "m.0bj25", "927": "m.02710m8", "928": "m.04mzf8", "929": "m.0gy4k", "930": "m.01ltq_", "931": "m.0ktpx", "932": "m.03lnmp", "933": "m.01jntj", "934": "m.0kxpq", "935": "m.0jq14", "936": "m.0gt1k", "937": "m.0b2f87", "938": "m.05sbv3", "939": "m.0kvbdg", "940": "m.0gssy", "941": "m.044vd3", "942": "m.0jymd", "943": "m.071tng", "944": "m.0gnsx", "945": "m.0gnjh", "946": "m.0k4m8", "947": "m.0jz71", "948": "m.0m_mm", "949": "m.01qkt1", "950": "m.0glqs", "951": "m.0jsxn", "952": "m.04954r", "953": "m.0gcpc", "954": "m.0gt14", "955": "m.0jq56", "956": "m.012j7h", "957": "m.03h082k", "958": "m.03d8lyh", "959": "m.026pqmj", "960": "m.0fr6g9", "961": "m.03yd1p4", "962": "m.027fltd", "963": "m.0kvg94", "964": "m.09pt4v", "965": "m.09xcn4", "966": "m.03tc36", "967": "m.04xv7k", "968": "m.07g38", "969": "m.0hv27", "970": "m.0599ch", "971": "m.09hjbg", "972": "m.0gkqds", "973": "m.07ftxt", "974": "m.04vgss", "975": "m.02ql739", "976": "m.03cd4q6", "977": "m.09pgf_5", "979": "m.0bbqb58", "980": "m.03cxzkt", "981": "m.02qgrl6", "982": "m.0m_kq", "983": "m.02vsfmh", "984": "m.05lbpp", "985": "m.04_0b7q", "986": "m.0hmk4", "987": "m.0bgbp96", "988": "m.0fk60h", "989": "m.04jl_ps", "990": "m.0bmjx4", "991": "m.0pv54", "992": "m.0dgcgl", "993": "m.09d3f3", "994": "m.02bf6d", "996": "m.08j62y", "997": "m.03yjj_1", "998": "m.032knp", "999": "m.05828j", "1000": "m.04jryv", "1001": "m.0gksf34", "1002": "m.02qgv0b", "1003": "m.08y42c", "1004": "m.0hqtj", "1005": "m.079ntq", "1006": "m.0f0w57", "1007": "m.05l1ky", "1008": "m.06rpz_", "1009": "m.04f2h9q", "1010": "m.01p0rd", "1011": "m.06llvx", "1012": "m.05tg9g", "1013": "m.07ntq", "1014": "m.047nzpn", "1015": "m.04hr2d", "1016": "m.031ryv", "1017": "m.03dhpv", "1018": "m.04h3m_", "1019": "m.0dqg_9", "1020": "m.050r7y", "1021": "m.08fm68", "1022": "m.023p33", "1023": "m.081wtz", "1024": "m.0k5jp", "1025": "m.09s91g", "1026": "m.05lvcy", "1027": "m.01msrb", "1028": "m.0kcn7", "1029": "m.0175k8", "1030": "m.01_4h2", "1031": "m.01_1pv", "1032": "m.039zft", "1033": "m.04xg4z", "1034": "m.03hjys", "1035": "m.0cq7tx", "1036": "m.0p3_y", "1037": "m.031qr5", "1038": "m.0gymhp", "1039": "m.0b79j3", "1040": "m.0bw3r_b", "1041": "m.02wk7b", "1042": "m.0pvms", "1043": "m.08hlty", "1044": "m.07nvl4", "1045": "m.0bnx59", "1046": "m.0by8jpy", "1047": "m.03305j", "1049": "m.02kfzz", "1050": "m.05ss0g", "1051": "m.07m9f2", "1052": "m.0fbdtb", "1053": "m.02x9pqf", "1054": "m.0cmdm1", "1055": "m.0d35h1", "1056": "m.01q3y4", "1057": "m.0blpg", "1058": "m.04j2_lv", "1059": "m.01cssf", "1060": "m.01ylt7", "1061": "m.035xwd", "1062": "m.084__p", "1063": "m.0kv9yw", "1064": "m.01_5px", "1065": "m.06w6rw5", "1066": "m.0bf1f1", "1067": "m.07qb96", "1068": "m.0bktb", "1069": "m.04gjn8", "1070": "m.06vf_w", "1071": "m.04j2ckh", "1073": "m.017kz7", "1075": "m.0czd4r1", "1076": "m.064r9j", "1077": "m.02srl9", "1078": "m.04t6jm", "1079": "m.01sxly", "1080": "m.04k2p", "1081": "m.01k5y0", "1082": "m.0902by", "1083": "m.01nc_h", "1084": "m.0hvvf", "1085": "m.03qfwq7", "1086": "m.0k7tq", "1087": "m.0c0l3kk", "1088": "m.032clf", "1089": "m.02h4658", "1090": "m.0sxmx", "1091": "m.04kwxf", "1092": "m.02fqxm", "1093": "m.02vnh1", "1094": "m.07j8r", "1095": "m.06d0fg", "1096": "m.0bcp9b", "1097": "m.0jqn5", "1098": "m.02877g1", "1099": "m.04qyjx", "1100": "m.02_nsc", "1101": "m.018js4", "1102": "m.0gvswz4", "1103": "m.0k2_0", "1104": "m.097zcz", "1105": "m.08n7j5", "1106": "m.0jzl842", "1107": "m.0gks3yq", "1110": "m.0gks70s", "1111": "m.08pxdl", "1112": "m.0c9nw_", "1113": "m.08b3lp", "1114": "m.02wjh2", "1115": "m.0crrs61", "1116": "m.05_6z2", "1117": "m.0cdkzm", "1118": "m.0crwchk", "1119": "m.04j34jp", "1120": "m.0170th", "1121": "m.06lsnn", "1123": "m.0crv8dy", "1124": "m.03hj3b3", "1125": "m.05r1bb", "1126": "m.03qqd6", "1127": "m.0ccsq", "1128": "m.051_sx", "1129": "m.02p5d", "1130": "m.05nsx8", "1131": "m.041cjn", "1132": "m.041cm9", "1133": "m.04j1j54", "1134": "m.0crrlyn", "1135": "m.01jw6z", "1136": "m.04zl8", "1137": "m.059xf1", "1139": "m.0crrmkw", "1140": "m.02qw8kq", "1141": "m.05zjdtb", "1143": "m.0kvct8", "1144": "m.04zwj09", "1145": "m.0cs11q1", "1146": "m.0b6bd21", "1147": "m.037q31", "1148": "m.03mqwt", "1149": "m.04jmndm", "1150": "m.04_c0y", "1151": "m.059v0g", "1152": "m.074wlv", "1153": "m.06jbs4", "1154": "m.074tcn", "1156": "m.09sj53", "1157": "m.05dx39", "1158": "m.091m79q", "1160": "m.091m7rt", "1161": "m.026qgmr", "1162": "m.015qnx", "1163": "m.02x0y83", "1164": "m.05gbht", "1165": "m.0cs8p4c", "1167": "m.0dy53b", "1168": "m.085n3x", "1169": "m.08brf3", "1170": "m.0kvbj9", "1171": "m.03p2xc", "1172": "m.04m1bm", "1173": "m.05z5lc", "1174": "m.07k7gb6", "1175": "m.02b0w4", "1176": "m.036p2_", "1177": "m.03c058", "1178": "m.05sjq", "1179": "m.03b1sb", "1180": "m.0743gl", "1181": "m.0gksh95", "1183": "m.0pv3x", "1184": "m.0d0hvd", "1185": "m.0yzvw", "1186": "m.0221zw", "1187": "m.03b21c", "1188": "m.02n9bh", "1189": "m.02txgy", "1190": "m.01gbd4", "1191": "m.04y9ckx", "1192": "m.079vv6", "1193": "m.07xtqq", "1194": "m.04p80y", "1196": "m.0f3m1", "1197": "m.07nn0", "1198": "m.0f4yh", "1199": "m.0jwmp", "1200": "m.01f8hf", "1201": "m.07rty", "1202": "m.01ydpv", "1203": "m.0m_tj", "1204": "m.0bx0l", "1206": "m.05ldxl", "1207": "m.0ccck7", "1208": "m.0jzw", "1209": "m.01pvq3", "1210": "m.0ddjy", "1211": "m.0822j", "1212": "m.0jdr0", "1213": "m.0h6r5", "1214": "m.067ghz", "1215": "m.014hr", "1216": "m.0h7l2", "1217": "m.0k2m6", "1218": "m.02b63c", "1219": "m.05z7c", "1220": "m.0c8tkt", "1221": "m.0jsf6", "1222": "m.0333t", "1223": "m.03mqzh", "1224": "m.016ywb", "1225": "m.042y1c", "1226": "m.0j80w", "1227": "m.028_yv", "1228": "m.06cm5", "1230": "m.0hmr4", "1231": "m.0sxgv", "1232": "m.01q19y", "1233": "m.02h22", "1234": "m.0gw7p", "1235": "m.03gmw", "1236": "m.0bfx49", "1237": "m.017yv4", "1238": "m.01k40w", "1240": "m.07ghq", "1241": "m.011zms", "1242": "m.02jxbw", "1243": "m.02q1clr", "1244": "m.0jyx6", "1245": "m.0ff4w", "1246": "m.0yzbg", "1247": "m.07cdz", "1248": "m.0h1kp", "1249": "m.01n81q", "1250": "m.0bs4r", "1251": "m.01v74p", "1252": "m.0hv4t", "1253": "m.0jqhd", "1254": "m.02q_ncg", "1255": "m.02mkwj", "1256": "m.0jqmq", "1257": "m.03pk0l", "1258": "m.04fjzv", "1259": "m.0m2kd", "1260": "m.0hjsp", "1261": "m.02vhv", "1262": "m.018rvr", "1263": "m.0jqj5", "1264": "m.0558dk", "1265": "m.011x_4", "1266": "m.0_92w", "1267": "m.0fy66", "1268": "m.05bnv1", "1269": "m.03c77z", "1270": "m.0bt4g", "1271": "m.0kv0zn", "1272": "m.0pd4f", "1273": "m.098bd8", "1274": "m.02vtyb", "1275": "m.0c2jgd", "1276": "m.015gsf", "1277": "m.05y0cr", "1278": "m.0291ck", "1279": "m.06_nny", "1280": "m.0kgxf", "1281": "m.0gy4z", "1282": "m.0jqtz", "1283": "m.0jswp", "1284": "m.05k7xj", "1285": "m.03m3j", "1286": "m.03p_np", "1287": "m.04v8x9", "1288": "m.0pdp8", "1289": "m.047hq", "1290": "m.03458j", "1291": "m.0h_b6x1", "1292": "m.015whm", "1293": "m.0209hj", "1295": "m.0kvgnq", "1296": "m.09tkzy", "1297": "m.02f_gc", "1298": "m.058ymm", "1299": "m.04j4tx", "1300": "m.09rz22", "1301": "m.0fb4l", "1302": "m.0yzp8", "1303": "m.09pyqc", "1304": "m.0p9tm", "1305": "m.01jf9c", "1306": "m.07vcx", "1307": "m.082zg", "1308": "m.0py1s36", "1309": "m.027122q", "1310": "m.04gcxn", "1311": "m.01s43f", "1312": "m.04j2rlx", "1313": "m.0chxcp", "1314": "m.0dl7ylf", "1315": "m.0crsfvz", "1317": "m.04crdpg", "1318": "m.0bb2sh", "1319": "m.0zp0829", "1320": "m.01f7g_", "1321": "m.02dj5n", "1322": "m.0gbr99", "1323": "m.0gbqk2", "1324": "m.0gbrn0", "1325": "m.0gbrk8", "1326": "m.06pqx7", "1327": "m.0b8gf1", "1328": "m.0gbr30", "1329": "m.09rvx5", "1330": "m.09bww2", "1331": "m.07wzcn", "1332": "m.0bvl4h", "1333": "m.01s9vc", "1334": "m.0397fk", "1335": "m.06_w4w3", "1336": "m.02pnf43", "1337": "m.0921ps", "1339": "m.01xq8v", "1340": "m.0jq4r", "1341": "m.0b8g0y", "1342": "m.04mqwg", "1343": "m.016y_f", "1344": "m.016y_v", "1345": "m.0ct5zc", "1346": "m.0426fc", "1347": "m.08ll52", "1348": "m.0l507", "1349": "m.0b813t", "1350": "m.019k65", "1351": "m.06_m2r", "1352": "m.09h5k1", "1353": "m.08rr3p", "1354": "m.03bxwl", "1355": "m.05hmgv", "1356": "m.06r2h", "1357": "m.011yl_", "1358": "m.0170qy", "1359": "m.04lq39", "1360": "m.03c9svk", "1361": "m.0193s9", "1363": "m.032kr9", "1364": "m.02738tt", "1365": "m.01j3xp", "1366": "m.055td_", "1367": "m.018gq3", "1368": "m.05b4ygh", "1369": "m.02rdyx7", "1370": "m.027_9n", "1371": "m.01pg1t", "1372": "m.015bpl", "1373": "m.012gk9", "1374": "m.06r2_", "1375": "m.01dc8g", "1376": "m.0m5s5", "1377": "m.01hq1", "1378": "m.031tc2", "1379": "m.031zk3", "1380": "m.01xlqd", "1381": "m.01qd2t", "1382": "m.0hqpp", "1383": "m.02854l1", "1384": "m.04j2qhf", "1385": "m.0hqqs", "1386": "m.04j2mds", "1387": "m.0jyb4", "1388": "m.01zhjh", "1389": "m.04ddm4", "1390": "m.03cygf", "1391": "m.09lxv9", "1392": "m.04f46y", "1393": "m.011ykb", "1394": "m.01pnf9", "1395": "m.06spyn", "1396": "m.04m91p", "1397": "m.04_2tf", "1398": "m.0g_xzy", "1399": "m.03bxw5", "1400": "m.011k590t", "1401": "m.04x4v5", "1404": "m.084zn8", "1405": "m.05873x", "1406": "m.0fcj9r", "1407": "m.0sy44", "1408": "m.050r1z", "1409": "m.08v6ll", "1410": "m.05nysd", "1411": "m.0prh7", "1412": "m.0dlm5p", "1413": "m.057hp_", "1414": "m.0c492j", "1415": "m.0513fcb", "1416": "m.07vf5c", "1417": "m.03lvwp", "1419": "m.02thj_", "1420": "m.0dfcvl", "1422": "m.07zcw5", "1424": "m.04j2_4j", "1425": "m.01ggr0", "1426": "m.0dy5gj", "1427": "m.07gf00", "1428": "m.02qd4l7", "1429": "m.07yhfx", "1430": "m.04666r0", "1431": "m.08vw2f", "1432": "m.07s981", "1433": "m.0gkr2nb", "1436": "m.0cc7v_t", "1437": "m.04j31r3", "1438": "m.024y_s", "1439": "m.0kv2l4", "1440": "m.0d5jj8", "1441": "m.028f12", "1442": "m.05g8f8", "1443": "m.0crsgh0", "1444": "m.0272hhx", "1445": "m.0fhgzq", "1446": "m.037rcv", "1447": "m.08dk0b", "1448": "m.06rqwp", "1449": "m.034ffy", "1450": "m.0272x_4", "1453": "m.03ynp_", "1454": "m.08x6vf", "1455": "m.0gw5pjg", "1456": "m.08rwj2", "1457": "m.0125z1", "1458": "m.0947tg", "1459": "m.08sz9r", "1460": "m.04h3j4", "1461": "m.06zlpj", "1462": "m.0crtqqk", "1463": "m.0g2v3p", "1464": "m.01d259", "1465": "m.08n4j3", "1466": "m.06cpd9", "1467": "m.0b669jb", "1468": "m.04qkcl", "1470": "m.04cswcw", "1471": "m.055z9d", "1472": "m.0f1vf7", "1473": "m.08lkg6", "1474": "m.04m3tn", "1475": "m.03h8rg", "1476": "m.028b3bj", "1477": "m.0849_s", "1479": "m.05b_fl", "1480": "m.03mbdgx", "1482": "m.047gqfd", "1483": "m.06kl78", "1484": "m.09jbn5", "1485": "m.0309c5", "1486": "m.07s4vp7", "1487": "m.01p8m2", "1488": "m.031txz", "1489": "m.031bd0", "1490": "m.086s7z", "1493": "m.0kv7q4", "1495": "m.05f64z", "1496": "m.02rf_2h", "1497": "m.087k4r", "1498": "m.07bj76", "1499": "m.03459x", "1500": "m.058q46", "1501": "m.07jsv1", "1502": "m.0bph8n", "1503": "m.0b0102", "1504": "m.052ks3q", "1507": "m.0bvvw7", "1508": "m.0dy16d", "1509": "m.071x8p", "1510": "m.0bvmqjd", "1511": "m.026dvsf", "1513": "m.01cms4", "1514": "m.03bxff", "1515": "m.02nlfw", "1516": "m.0fm079", "1517": "m.013q0p", "1518": "m.05rrvj", "1519": "m.02880kr", "1520": "m.0bmbftx", "1522": "m.02w57rn", "1523": "m.0bwrjx", "1524": "m.0kvd18", "1525": "m.0c2xsg", "1526": "m.03tpl2", "1527": "m.0125xq", "1528": "m.05smxy", "1529": "m.04jvls", "1531": "m.08yrpyp", "1532": "m.08gm0q", "1533": "m.096rvd", "1534": "m.0642ff8", "1535": "m.04ctwyf", "1537": "m.04sm94", "1538": "m.0dpkp_", "1539": "m.05q848", "1541": "m.01v84j", "1542": "m.04ngxk", "1543": "m.0cjcvt8", "1544": "m.0315rp", "1545": "m.08gl5b", "1546": "m.02lscw", "1547": "m.026dk1k", "1548": "m.04w1p1", "1549": "m.04j2t3y", "1550": "m.0c3lr0", "1551": "m.0gd7ys", "1552": "m.01qb559", "1553": "m.0crrmxx", "1554": "m.02tgd2", "1555": "m.0b7bn1r", "1556": "m.0419kt", "1557": "m.04j2ycz", "1558": "m.0crsfc1", "1559": "m.04j2_kg", "1561": "m.02w6yl0", "1562": "m.01hqk", "1563": "m.06w9qhg", "1564": "m.0b6p8b6", "1565": "m.06t28m", "1566": "m.016017", "1567": "m.0670l0", "1568": "m.0gx2zzl", "1569": "m.01pgnr", "1570": "m.0brs6b", "1571": "m.0d53ny", "1572": "m.046t_0", "1573": "m.02_fz3", "1574": "m.04j1zl8", "1575": "m.0cm6ts", "1577": "m.0gttlgg", "1578": "m.0dlmnc9", "1579": "m.0479kqt", "1580": "m.016dj8", "1581": "m.06_w9f", "1582": "m.0f00sg", "1583": "m.0345ll", "1584": "m.026lgs", "1585": "m.02prkmj", "1586": "m.034f7w", "1587": "m.09csq1", "1588": "m.09c_pm", "1589": "m.0417k8", "1590": "m.03vfz3", "1591": "m.04zd28", "1592": "m.04h3br", "1593": "m.0fyg25", "1594": "m.02cky7", "1595": "m.0bdj28", "1596": "m.08m026", "1597": "m.0127ps", "1598": "m.06lpgy", "1599": "m.06m78c", "1600": "m.07c0_4", "1601": "m.060p1m", "1602": "m.0g7vvf", "1603": "m.04d0ng", "1604": "m.05h92k", "1605": "m.09bpft", "1606": "m.05b7dt", "1608": "m.01jmyj", "1609": "m.06_z5q", "1610": "m.09ldwy", "1611": "m.02vrpz", "1612": "m.0fwd14", "1613": "m.0b_zqd8", "1614": "m.01633c", "1615": "m.018tmf", "1616": "m.034scm", "1617": "m.011yqc", "1619": "m.02psgy6", "1620": "m.04cpvs", "1621": "m.043ncp", "1622": "m.04j30k9", "1623": "m.02brzs", "1624": "m.0ctnhv", "1625": "m.0b6ft5", "1626": "m.0hqvw", "1627": "m.07c11y", "1628": "m.05h1qc5", "1629": "m.0dy5cg", "1631": "m.027wwyf", "1632": "m.0b77v3j", "1633": "m.0170w2", "1635": "m.0kvgxk", "1636": "m.04yb3l5", "1639": "m.0gd92", "1640": "m.0bp3r0", "1641": "m.011yph", "1642": "m.0dddh03", "1643": "m.01242_", "1644": "m.01lt24", "1645": "m.031s5z", "1646": "m.0dkhyx", "1647": "m.0gg285", "1648": "m.06nmwj", "1649": "m.01zh0v", "1650": "m.03cvqpc", "1651": "m.0d01hx", "1652": "m.066d6g", "1653": "m.0bscw", "1654": "m.097j2g", "1655": "m.02ry6wf", "1656": "m.07dbcw", "1657": "m.09sfcjs", "1658": "m.03pjlk", "1659": "m.0d_q16", "1660": "m.06r6x8", "1661": "m.0d2pd7", "1662": "m.0cc2r_", "1663": "m.02q2jw", "1664": "m.02rdyyz", "1665": "m.0d1s52", "1666": "m.02qh42w", "1667": "m.02wz313", "1668": "m.0d7z7_", "1669": "m.01m_90", "1670": "m.0893dl", "1671": "m.03cp2z2", "1672": "m.01b195", "1673": "m.02b6n9", "1674": "m.0llcx", "1675": "m.02rmcwr", "1676": "m.01cycq", "1677": "m.05zplhz", "1678": "m.0dq_ss", "1679": "m.03yndc", "1680": "m.05kxf3", "1681": "m.02g5q1", "1682": "m.01hv3t"}